{
  "nObs": 23,
  "xObs": [0, 0.454545454545455, 0.909090909090909, 1.36363636363636, 1.81818181818182, 2.27272727272727, 2.72727272727273, 3.18181818181818, 3.63636363636364, 4.09090909090909, 4.54545454545454, 5, 5.45454545454545, 5.90909090909091, 6.36363636363636, 6.81818181818182, 7.27272727272727, 7.72727272727273, 8.18181818181818, 8.63636363636364, 9.09090909090909, 9.54545454545454, 10],
  "yObs": [23.1380032555808, 21.7110444187076, 17.9567590403391, 14.0672069518965, 12.8422867187273, 6.01760007963594, 8.89131813637997, 1.05124112997337, 1.24991548544008, 5.72415130269322, 2.46654735360625, 0.294452302276493, 0.996656718633049, -1.281387113846, -2.61740429011371, 2.66956203355579, 7.36235095484644, 3.58530830381594, 8.57809817243004, 12.6581505747766, 17.2574091002776, 17.9875394449401, 27.2804360819791],
  "nx": 5,
  "nPred": 51,
  "xPred": [0, 0.2, 0.4, 0.6, 0.8, 1, 1.2, 1.4, 1.6, 1.8, 2, 2.2, 2.4, 2.6, 2.8, 3, 3.2, 3.4, 3.6, 3.8, 4, 4.2, 4.4, 4.6, 4.8, 5, 5.2, 5.4, 5.6, 5.8, 6, 6.2, 6.4, 6.6, 6.8, 7, 7.2, 7.4, 7.6, 7.8, 8, 8.2, 8.4, 8.6, 8.8, 9, 9.2, 9.4, 9.6, 9.8, 10]
}
