{
  "CLHat": 8.06741545618136,
  "QHat": 22.2498628844779,
  "V1Hat": 35.1681789077292,
  "V2Hat": 78.8618602622304,
  "kaHat": 2.27782000912875,
  "sigma": 0.2,
  "alphaHat": 0.000124720523973711,
  "mttHat": 113.86428268417,
  "circ0Hat": 4.95529467844777,
  "gamma": 0.155095698326549,
  "sigmaNeut": 0.2
}
