{
  "CLHat": 10.7741594076152,
  "QHat": 16.2257479120808,
  "V1Hat": 72.9363864983349,
  "V2Hat": 51.4413371344591,
  "kaHat": 2.40983748428014,
  "ke0Hat": 1.00400245813494,
  "EC50Hat": 114.140551533674,
  "omega": [0.205033953806984, 0.452377699022098, 0.541764493730768, 0.118763262060623, 0.0874478425462239],
  "rho": [
    [1, 0, 0, 0, 0],
    [0, 1, 0, 0, 0],
    [0, 0, 1, 0, 0],
    [0, 0, 0, 1, 0],
    [0, 0, 0, 0, 1]
  ],
  "omegaKe0": 0.370235325096832,
  "omegaEC50": 0.177199941757531,
  "sigma": 0.5,
  "sigmaResp": 20
}
