"","mean","se_mean","sd","2.5%","25%","50%","75%","97.5%","n_eff","Rhat"
"lp__",81.7526766717395,0.0546804425041252,1.94854783836344,76.8525033110426,80.8015786985907,82.1397530005383,83.1410575750898,84.3299954378962,1269.86661050818,1.00069414866496
"CL",4.82337993158007,0.00188996199425561,0.0922602538144007,4.64669059560747,4.76190290592198,4.82307553876625,4.88275284512006,5.01246195244808,2382.99509409444,1.00001182897586
"Q",7.59566850755262,0.0132573015038874,0.586410958536165,6.47945707166096,7.2005722147472,7.59367173106853,7.97656158813959,8.78516904173887,1956.56323446313,1.00023074944267
"V1",21.0726415452709,0.0682511985606088,2.57284600240054,16.017066706571,19.3524714261943,21.0456645239341,22.8172906618349,26.0972037496915,1421.04234593091,1.00256000295481
"V2",76.3651627391379,0.104083633908346,5.61133924696676,65.8052431403988,72.6233808276328,76.1720858050153,79.9157153599244,87.9711516071835,2906.48548637899,0.999842625161729
"ka",1.23105276254161,0.00447852817588363,0.177204657762959,0.906938563479194,1.10663055957032,1.22051106774061,1.34390656054172,1.59883397935411,1565.59578806905,1.00217109644098
"sigma",0.108944130447816,0.000232111500986838,0.0117798440206132,0.0891688552208613,0.100478616170566,0.107992411828699,0.116183262394944,0.134418221080751,2575.64355035438,1.00045969539771
